one,two,three,four,key
2.0318459219155387,-1.1368503127666945,-0.7112572296424747,-0.19711476464214278,J
-0.8564358860814838,1.343933616664469,-0.5224511686154693,-1.2949162656946411,H
-1.4522906258559156,-1.0562282172829733,1.8632409401348426,-0.8136491711162687,N
-1.3560128329314807,-1.2672488289908475,-0.2839763026846875,1.5329427488432208,H
-1.7605318740087654,-1.7082170128603993,0.19594599912465782,-0.8414031920436778,M
0.29380437839541773,0.16287669191042914,1.0711711232228347,0.7410890161157425,N
-0.6175206073778025,0.7074205253813381,0.432969766387052,-0.4330138667268482,B
-1.0024694119633042,-0.5944704297438768,0.30889352754985033,1.2856932350372317,G
0.3628143904719135,-0.968137974509519,-0.7324464590933243,0.3342099844664975,D
-1.8022342291035995,-0.18133346376946166,-0.11830407656121217,-1.6419640741287405,A
0.17392170830939524,-0.8144600399917257,-0.027001207213343016,0.36198877837574456,F
0.1619888293905397,1.1080422197971251,-0.6813444619947464,0.6628675496057277,L
-0.5227535625102859,0.11442717473379957,-0.32757325097870466,-0.9312149238614431,K
0.5752934527883259,0.22624778674108645,-1.0201288645869178,-0.9591964810278504,H
-1.7991154243130545,-1.1664320347802866,1.5476090508959481,0.7400339645782359,M
1.617620800075858,-1.6952359287539032,0.7779767871854391,-0.9403675814937265,K
0.1433448273661733,0.40524828393473833,-0.07858971708145641,0.5381894827997967,G
1.3734343651301244,-1.1638616963906498,0.21348582742061323,-0.9162664222669152,L
0.3273702616880735,0.607592227249904,-0.3461683979194644,1.2329224675031107,G
-1.71397149426072,1.3614871785699958,0.07695995937099952,1.3663602550908147,B
-0.8860593731679866,0.8581825291177083,0.2823504747225609,-0.053061444943461725,B
-0.9351156473296189,1.0188808311328528,-2.0882886836444277,-0.8605066885736059,O
0.17231574323059773,0.9526088557010244,-1.2133965235699191,0.9843485188352223,A
-0.22863778153309663,-1.7369842088733272,-0.38122875773601744,-1.1065517860430216,F
-0.9931859742521688,-1.953413508501775,0.5490677473804029,0.17185326096680098,N
-0.4048285481449375,1.6118754275915026,1.0651245998546321,-0.3723740008332822,D
0.7807266367750381,0.028259505463745702,-1.9719893035694205,0.6271983959874504,M
-0.10791543371309098,1.7312967508573942,-0.4725614628275671,1.2235711811319725,J
-1.3482446694222794,-0.7731467555798337,0.5659644191852288,-0.37178028189983714,C
1.5722732069777337,-0.7089341880216102,-0.30209608511908553,0.38229927403870295,N
0.6866911594411479,-0.32452921575069427,1.4719603673747257,1.5920409162020333,D
-0.065228627116893,-0.3745237292217595,-0.23428865224008702,0.8901549365128643,B
-1.624428026428755,0.32165348503949215,-0.7598728668432913,-0.31174843638198163,G
0.4648734411494241,-0.4104796511285116,-1.6907827934396895,-2.624827937727615,L
1.2170302868995453,-0.6088095757609666,-0.8678396176771844,-0.8105326752906973,K
-0.707324856693998,1.7206500617078908,0.6241099102646471,0.2963399030129446,C
1.3786927692743831,-0.7223070650446078,-1.1419205122538272,-0.40371364531769405,B
0.3395632881063643,1.0011220613475658,0.4620903826806298,-0.39004414475841986,F
-0.28493491789935754,0.8052496290480768,0.0268700702178039,0.4913156914093505,C
0.2748531209701146,-2.528022701602681,-0.39838759669545787,-1.3917018375233687,C
1.1237177098112208,-1.2987439293986058,1.295613071535034,-0.37435866165184006,I
-0.11003237102522868,0.49773697222933316,0.668274309396545,0.5108142777026008,K
2.7498871786538457,0.2185121125079183,-0.9193409029454762,-0.16334022857230843,H
-1.5839603368181534,-0.78043682225839,1.018933465099442,0.38719227037260023,G
2.1038765905264,1.6063119851970693,-2.124129475696488,-0.6232610588475447,M
1.604654360413877,1.4079473033203849,-0.2713433113491107,-2.349739630210745,A
1.9295135642562973,-1.9266389661091474,0.4464044115985944,-1.7795067483362637,H
-0.3618205363483565,0.31085590667333063,1.8489631554893866,1.2509643264120043,H
-0.5709452741461603,-0.5634929803168253,0.9909269674618901,0.6262887642501805,A
1.9581226159800287,-1.147956749809393,0.45431548882013956,-0.7919028103597091,L
-0.3828132533650889,0.33585871594854444,0.4811069945705015,-1.071049550093693,C
2.2834015321358723,-0.3692401392733544,0.28790978454121674,0.3577408336361429,H
0.9716774698248747,0.2734466845487392,2.485010263694567,-1.210095036706178,B
-0.37262721296157125,-1.1239109783784393,0.042552340371347634,-0.8628465945797229,D
0.3795070658228635,-0.2527650515580496,1.3270597889992144,-0.664775228994857,D
1.1628720347664652,0.5564391220232885,0.046651478188788835,1.0196236299268622,E
1.1287679078718091,-1.2743313005171046,0.5738344383996218,1.2378526221964927,L
1.036585326931291,-0.3214542752073795,0.25271282265848294,1.3409780549818107,F
-0.287202496072916,0.43431597195003924,0.7779356450491497,1.7204659449065458,D
-0.606809440536315,0.34976245024037583,1.4476843899607776,2.289014531520503,J
1.092659145916319,0.06719314194642546,-1.0666410043451866,0.29230991528746375,A
-0.2036946049978306,-1.3376524099235718,0.48195634957409567,-1.113415158434481,F
0.7722399494537948,-1.3544563813327577,0.2188789947034517,-0.8986993296082482,K
0.8350122842666536,0.3115737886236443,1.2826719329227192,-0.20416115534876916,A
1.2381891851463027,-0.8648514530984628,0.7074365057501818,-1.3522976851081276,H
-2.38669724264612,-1.1584694569153058,0.8653598497331705,-1.0207824993668484,J
1.0163664505365677,0.29144783331241353,0.3305157721570084,0.0019108757720048193,H
-0.7416770844158576,-1.0540085224205378,0.4245262972490535,-1.5850514485117428,O
-0.6719877303671073,-0.34596712672836266,0.2572696416729039,0.7938407315426624,L
-0.8912903053844267,0.00516252716335728,-0.8996033659081217,0.11951986651588684,I
-0.9216649967898797,0.15063326377386782,1.21016625961485,0.2834238565794993,D
0.2900155173942142,-0.41452355548464626,-0.8514356301820809,1.081333955413393,L
-0.887033804043724,-0.04024470367131746,0.7867810682470355,-0.6904402929756984,L
0.3900007573146798,1.0762570971979928,-0.5746708858147725,-0.9782722035633324,O
2.1591357696949824,0.7917957416131143,0.3232668745037336,0.27991890755742527,B
-0.7915684103931736,-0.5117816367133111,1.731501852285953,0.6082282806045107,L
1.4379515294581957,-0.9819350164292527,-1.337305264583534,1.079340428114069,C
0.7099191249286905,1.0575455303833559,0.8095908896512372,0.6430791602315048,N
1.4728982693555335,0.8677419380890109,1.9175668575002456,0.1759180741509377,E
0.41879102044518773,-0.3016254366828152,1.080149554668195,0.8666188228263731,J
1.2311485457151838,-0.0536781539060822,0.24779030326000512,0.86445978284621,J
0.2894378422929724,0.4043226183998854,-0.9169835253554802,-2.0446774165742303,B
-0.057788208162678135,0.20328993182228003,-3.1443028361107523,0.7324190860711018,E
-1.1252419400900973,-0.1427666265476241,-2.83621815674459,0.9338345411282089,D
-0.5178327694409188,-0.15196566153502727,1.7799841026468675,-1.3211526028593765,J
-0.1817447626006781,-2.1323236499542575,0.9864202756340061,0.7755821316612207,M
0.09916584460405246,-3.4964724732845656,0.038275733166667034,-0.7399026979305564,N
0.3829990569011363,-0.6313757774333119,1.0735703154747938,0.626459219072427,E
0.7162286214630655,-1.764723989717386,0.5814730392614136,0.18548381384977428,C
1.0171815749701996,-1.2757687307557506,-0.24237983483267536,2.139076619615406,N
0.9810606187812042,0.0722251836304816,0.42533646263463376,1.010333196282056,O
-0.950813561860308,-0.44760919371840113,0.1852921492610627,0.3566620944786163,E
0.8408050828458775,-0.5820995675175209,1.8605610785487439,1.6502510729000082,G
1.4975968431595006,-1.0889059968538988,0.7320326203115217,0.4914172401804562,J
-0.5633953410174103,2.34464828962871,0.28606690787026473,-0.21643557866887697,G
-1.9768888493628405,-0.3555504407791881,-1.359038429084634,-0.6769194468379152,E
-0.3985658117889562,0.463996868546694,-0.07965701472861655,-0.5402058718119347,B
-1.5392718140434136,-0.963933441041722,-0.7954339748486842,0.43473912900397604,I
-0.13252539681048717,-3.0531180000697593,-0.4388627847143773,0.467632249792219,O
-2.0498868665198064,2.6061355457399555,1.1184712658049853,0.5422713715027736,G
-0.6046766185061175,1.010998793641173,-1.3022618015653868,1.5580917740181806,L
-0.14234202159410947,-2.761804364780964,-0.6257830285767387,-3.196724981051088,A
0.3409684444040051,0.6540263470660637,-1.2010826352016188,-0.49928179047388427,A
-0.0940472881191622,0.2845972447182943,0.038413150741465354,0.8423876326420457,O
0.2695656104130624,0.07938854429697638,0.14767143119075257,0.9484921405650586,I
1.2206637814226653,0.5279551800966453,-0.1327359363552295,-0.8079859739913946,F
-0.09471997625389444,-0.8982202459438049,-0.8687421748952331,-0.9486878824035412,L
-1.6417923938672228,-0.6112007697157618,0.21253073689938756,0.6626522012125802,G
-0.8033750352062521,2.347888550208089,-0.4268316025049894,-0.13229919290416156,C
-0.15825629129307045,1.0604127575998177,0.9323762553808966,0.1888241879277186,O
0.25677571565994023,1.612333400985973,-0.017623616966022906,0.02869065485383691,C
0.6015495361202311,-1.6051673789422243,-1.7413048031644736,-0.15683456906372573,C
-2.0547610387590978,-0.7086625995533331,-0.03910095742604738,-0.8561975249991933,J
1.246488374339693,1.2288511409319471,-1.3962373876009089,0.8996877274402815,M
-0.4450030204456885,1.346430936832118,1.1246193931566473,0.7965239301002254,E
-0.5589746094964142,-0.44656952054884963,1.0136004542995867,0.4215683747471196,B
0.04735732156299512,0.9925816360206855,-1.2338257620859603,0.5944212978472799,K
0.8568466213053497,1.019418692402492,-0.654366002551736,-2.076281871844793,E
-0.26846792605567293,1.2016076503613964,0.8310820982661102,1.390056893153932,H
0.03183128237493241,-1.037282676522645,0.3245676436231552,-0.5306736572050884,E
1.9254254214966773,-0.7311177084251652,-1.385625969154544,1.8640814414341302,G
0.8857555907201972,0.257895345943754,0.5852756776370206,-0.4019545780167629,O
0.9347320714162889,0.778596101247129,-0.654995886636959,-1.2990174974777757,C
0.48124832563338854,-0.7433878203002223,0.29994134428855157,-2.102062660560533,K
0.3967035626189119,-2.4107521639929788,-0.40362976998334765,0.6939359258439334,A
0.6825167486501572,-0.6502351171497668,-0.400755624962737,-0.7435469979607466,N
-0.34946618124145445,-0.10720596096928808,-0.029078883761633593,-0.08610460331925751,K
0.09485526255544355,0.4651759727886264,-2.234238040511681,0.9080332101602475,H
-0.1882320249135393,-1.1131541026494143,0.4621609062684548,-0.5083964002461582,L
-0.6289396006733787,0.7937382660638044,-1.0262841438612529,0.44892677706872813,J
-0.13561230462025645,-0.16068929329477655,-1.8091538163927081,1.049612825308425,B
-0.6160503918626251,1.431784651952497,-1.1036876756678962,0.34814158495286845,F
-0.9237329345493633,-0.909001958077797,-1.024982447642182,1.7513048234490318,N
-0.9288002729760134,-0.15321709964793154,0.15405949254771004,0.171841871221035,K
0.1369708131414488,1.1906824671101555,0.6267824584463404,-0.021627086888673163,B
-1.2208118100378167,1.2616381620072128,0.5885252127651625,2.1854500886694304,J
-0.0051749127702100045,-0.35967062339080885,-0.364247966411793,-0.32755674702351895,K
0.8257978969083026,-1.6023329193192017,-2.283131142355596,0.2901595340942309,F
0.573373808710287,-0.07403083529957441,-0.3864340794770689,0.27060982012662643,K
-1.0359071169997631,0.8631819999651421,-0.7550839685344586,-0.35161604292125065,B
-0.15549484894361806,0.3509453333768693,0.5302831881182394,0.5374372767011181,I
-1.316437884638765,0.6163193460920462,0.35882427311605847,1.8036371547384866,J
-1.0270439966900917,1.1094215324680237,0.06106693037694281,1.4866066162773524,L
1.009580275452766,0.39745794423155445,-2.1143322655217216,1.870037028053974,H
0.11345135101768078,0.32347020555620165,0.1870544462367883,1.180032656765167,E
-1.9068744984117818,-0.4932995420810395,0.7445943742113064,-1.3644157279914175,E
-0.677438742272076,-0.1627798522079239,0.11472570108403664,-1.39597557773152,I
1.2644104340248599,-0.5900573615298703,1.939833548093291,0.1632920595147529,N
-1.0386607356290456,0.7322211134018657,-0.45227195135270604,-1.2679582168305208,E
-0.5238132750063219,-1.526772646315794,-1.1982150288485351,-0.893604574620166,N
-0.3246005546596676,0.010176307512752196,-0.8009886352717904,0.722315851408194,E
0.8295959508231023,0.07113807551676436,-2.6210005080829397,0.5304073621199508,E
-0.6991625717568352,1.0475890657277345,-0.297569606735599,-2.228612578643655,J
0.7734220676355776,0.5736410807188597,-1.532886851343212,0.28348540839322944,H
-0.050962491462974546,0.7701180831442661,1.689979446955265,0.4683168443325977,D
-0.40360940852396837,0.3831943541700208,-0.053982728536591126,2.124163747031626,A
2.054196717093772,-0.9215685414394068,0.4460519302820659,1.7593140451868845,J
-2.1500340987023354,2.1210008846901984,1.4072367881773387,0.22461535706201521,I
-0.43262171940589034,0.6840851166320981,1.862749798828659,0.30544711595634844,K
-0.8449262271320603,1.4530801557728057,0.1063812334338542,2.0030305606812253,J
0.13420553027373966,-1.7503849210140054,-1.5333360205970652,1.269305819872699,B
-0.44913863462233267,-0.7107500390618813,0.3280286774965867,0.12175220831916071,B
0.29424544487425125,-0.6914006661847282,-0.40826923614184424,0.6299710794480692,C
-0.228148091446489,-1.648397310906089,-2.550431961920757,-1.4512850401394037,I
0.21738017840386278,-0.07429667512923079,0.8044728763987057,-0.9102711695291076,J
-0.12100551968716253,0.45077610060338785,-1.0383968308228935,-0.1845191479298451,N
0.19290077857638813,0.7614995774525835,0.27214002920055336,0.11253040521145866,K
2.065426676087978,-0.6913816511951213,-0.03305441508260885,1.230226946256557,H
0.38928354437133295,0.03815210254158041,-0.7537779630325875,0.6879755927105978,N
3.1821255685952328,1.3610340357198416,2.263982664288531,1.5313007804805099,E
0.44116622226461394,-1.4379511828318425,1.660139162307901,-1.0014713625281542,I
0.8794224006499778,-0.20125729896598823,-0.25019743547995915,-1.6815253839023976,A
0.038218566346538224,-0.1688673589377718,-0.2138450498465382,1.8620437508744587,M
1.7574162829206825,0.08454049792693275,-0.22632165097367812,0.6842832716649306,C
-0.988597293530225,-1.7230374012018739,-0.3738395702096385,0.5193090092210383,O
-0.06460993599357007,-0.5565073948791593,0.4228052411680252,0.9404109736585259,J
-0.5191594805362123,-1.2041019313077563,-0.6197509012101227,0.8099399023805763,A
-1.1770873273858478,-0.477480058798855,-0.6112893838537474,-0.4748988761231388,N
-0.18684415987536004,0.05559050870554209,-0.23395007853237273,0.011479263411603968,K
0.1250612015288757,-1.6177106277091724,1.5005568515160213,0.3593198960947553,N
-0.030262021371938945,0.7276691391096889,0.7283091670287232,-0.7226911399520303,O
0.47119706007101275,0.8219822552088958,0.6740914670853402,1.4435808868834232,L
1.1127691575710836,0.8313148856389568,0.2546385326675723,-1.072926948134215,N
1.9414811774850362,2.1544431921208407,0.5145809767480992,0.26064749468328324,F
-1.1203619569881524,0.5669008580338547,0.6358691783534667,-1.0687146059542612,D
1.164030258451299,0.09919938413376012,1.746482319533608,1.2282253852455938,M
0.7123501471025754,-1.0338950268119338,0.8347323598816094,-0.10645614411534626,G
-0.2935208491923395,0.3713840225374607,-0.7187638929391718,-0.8129987471849915,E
-0.23320680562505888,1.804073835042119,0.1609518080714608,0.618251663962538,I
-1.311808469632227,1.0979268183810829,-0.6803404725866816,1.4550687418984014,A
-1.5555695946737798,0.6623296970467882,-0.46549582558008107,0.4053351539447262,J
-0.6461919622271663,-0.7505117612156518,-0.26754132490298904,-0.5534519656936353,M
-0.2589883781657657,-0.9488230057754924,-0.2686508241153641,1.7376702642948927,F
1.3297937425948865,-0.945906858787397,0.8832693637594401,-0.5155876543196526,B
-0.6601898487622325,-1.6723376057161472,3.083513500676015,-0.7946178570702187,D
1.11260969723947,-0.07904944391424411,-0.7550637205175256,-1.5633482972118178,F
0.5113684020780929,-1.1860885200231857,-0.3737567067111755,0.08802612504465525,A
-0.10583356111875564,0.2880002768911931,0.7892292518099104,-0.8147892715644556,B
-0.49310651375285364,-1.1173701738975765,1.7150603843318082,-1.3775489198677078,C
-0.5040266917545412,-0.7599806933681883,1.2757578335751547,0.014559276401512363,O
0.6336002047173783,-0.6688838538577992,-0.9866995564946134,-0.38291324410771405,G
-0.9166558284044493,1.6249004148023318,0.03736118615237562,-0.19980670982000084,O
0.02977256059451691,0.2086681245283869,-1.5631816458010952,1.138998019582878,C
0.4907758934043353,-0.27802765387337663,1.7350057454587802,0.4842221239543493,G
-1.2442455445542129,-0.8808275256829028,-0.19124083837668276,0.5698437894324104,N
1.656986076724728,-0.06353300738603984,-0.39160242935917816,0.870917140107531,D
1.7969777623808347,-1.038220764668968,0.21297864577388156,-0.42753539067739427,D
-0.6993695504563876,0.24248578686536007,-1.5195020561947712,-1.4401676744894274,J
-1.6947632019894818,1.4820891808130237,0.3845500682594221,0.9781929730689141,N
-0.5542704554337531,1.1944588047845945,-0.5887984669035492,-0.8632899881787587,O
0.6089234246159269,-0.5075245816439865,1.7486803994234574,-0.3023325501489757,L
-1.499651964516919,-0.9118805521460608,-0.6732296469078738,-1.4020966281677962,K
0.056450468741216966,-1.0273006323306497,0.6712794429569091,-0.8001429242540564,O
-0.9626650489900159,1.4148909367887694,-0.5622231056633153,-1.1747966871276243,K
1.80523952060996,-0.5881245317909602,-2.653341260911954,-1.0219948533355117,B
0.17936361796785094,-0.056993765357412185,-0.7189385491626762,0.4514529155179343,N
-0.21860815330903732,1.1942965218021262,1.2749460100367236,0.12021296717541961,M
0.25735351948876894,-0.6366994164590474,-0.1633596211895607,-1.9993815329145963,C
0.698292881550032,0.8994442562601559,-0.07325768953991747,0.37564522381048016,F
0.4042183750590574,-2.1319893100660083,0.01736251875994796,0.6988682664316135,E
-0.23405527379037291,-1.2679665585889346,0.6849734694470149,0.43978486471791156,A
-1.1818449640348723,0.3795800132161753,0.15395312538683853,1.103265914923797,J
0.13556316461374945,0.8439651935577757,0.8152514807927521,-2.9873597241337406,B
1.393762334106704,-0.02269962714439691,-1.8967179291531029,-0.8954817989829228,B
0.7743945564217615,0.19308788233297433,-0.8554775351548342,0.054245885204168544,K
-0.6567488571562106,1.2662005945398738,-0.42213413129589805,-1.3047714869562963,B
-1.7139850185121173,0.2768345305858454,-1.406812558795861,0.7626584351959204,D
1.6935374821329858,1.8591070298713002,0.634127590155636,-0.7261363073268106,E
0.21553998729119253,-0.01811180488532396,-0.8611071012035775,-0.1260293987516237,J
-0.3585329506734906,0.154134167138258,0.4258641654644897,1.7300561769794345,A
1.926315348956738,-1.2480752837173597,-0.5195412870130761,1.8446110163359843,K
-0.3641695873778847,-1.2979054033004636,0.4951834146862198,1.2233850011972194,L
-0.9791300780235989,1.505820366724741,0.8720174283026328,-0.2701375593875252,D
-0.5788084985929153,1.3744981432065104,-2.3281545475252514,0.5762412550210337,A
2.7746676119383222,-1.712025372308499,-0.6990374967232177,-1.2724912851442194,A
-0.5609564020775579,1.5710207490214634,1.1081908713973676,2.653659864814918,B
-0.5588661152559409,0.1628199210771393,-2.3614049125734935,0.825342714366283,B
1.5054914628344533,-0.3811210999493988,-0.17108324957602145,0.5572710216954333,C
-2.132448104553128,0.24513579754990897,-0.20771863898426712,-2.780227253000425,D
-1.6407433435654142,0.9048665743259908,-0.11220118125127757,-0.41864851974681383,G
1.160938994263936,0.015105073145933207,2.058879450595254,1.3499113419281976,M
-2.2662054621029677,0.021548691319942644,2.1912802189991343,-0.0834354449368262,M
-1.6206072833304952,-1.0043370019434694,-0.7910439001185042,-0.7499326254247782,J
1.1365262569567032,-0.40352873244744863,0.6032768240482345,-0.40893467594824356,O
-1.2031818619351036,1.5757899974232608,-0.2230449321777541,-0.7692999338020468,I
-1.8460074188189473,0.3014291048429974,-1.6300897337011775,-0.9180676441903873,C
-0.32196894198059506,0.25593817758711274,-1.7270102537645877,0.8156739642752252,L
-1.4483573969559793,0.5725829496223064,-1.2775448330517,-1.743327480880455,G
-1.2181126175429242,-0.4869738923088245,-1.2121036164202141,-0.567881989457859,G
-0.6300423486971969,0.29450966329919726,1.2460747209168122,0.10635335135140792,J
1.555100422839641,-0.28729211644612035,1.4255349741896495,1.4395595467248832,L
-1.2435915594396858,0.34461415186164135,0.904752634087404,0.4894666466184871,E
1.0144148114008051,-0.3886452753150784,-0.22356527851701347,-0.45302135151595296,N
-0.5925962992193616,2.1194053686190713,0.8191765693050371,-0.7911309006313396,H
-0.587651429941993,-0.5165605729876797,0.3279075925099306,-1.8041351363033549,J
0.7981404519482956,0.45150826613519723,0.28589515549001693,0.9486868052600335,C
-1.4803122362113685,0.49794090299648114,0.043757312149300655,-0.9538859038121821,F
-0.65073690762386,0.030059915937023656,-1.343498301865802,0.6633730553207174,A
0.012470074280879958,0.3232407527708884,0.965709213452938,0.17182781566279157,E
0.27959632328954953,1.8313613677157197,0.6644766828015751,1.6487842737640466,A
-0.10526358909981814,0.7473027784279281,-0.2531286172994859,-1.2695323227468627,N
-0.7455409074518473,0.4331037383871846,-0.2642239750282537,0.390495960473681,B
0.6561566646438264,-1.747881830002775,0.2008502759028419,-1.4649593219365609,A
-1.1857752753366837,-1.684479959694694,-0.0400169364344792,-1.7559675500626517,J
-0.8608677597412127,-1.4193223897380076,1.138397781443912,0.46657994677144055,J
0.6124580129899895,1.444093017756604,0.29722863530297283,0.6959042836801569,N
-0.22307461917684746,-0.13150426203552562,-0.7822168025814594,0.9348698867314368,G
1.2386659277158378,0.37267210676757384,0.06925563593201127,-1.6550788891363675,D
0.29295979833703106,-1.0695368789939272,0.4600963491247742,0.1215533378919417,J
0.4635195811711089,0.4546149093417381,0.7789828709925247,0.07183034407440313,B
-0.8988942496071605,-0.362657421525617,-1.8592871248446428,-1.2768768311406689,D
-0.44847072768314405,0.0949946518835254,0.3198894519705673,0.18634254203079936,C
-0.1632037296758174,-0.14559276319610526,0.6072504577029093,-0.2518110498880172,A
0.8655872465630136,0.5682938162796904,0.44576449937216883,0.44458795503197146,F
0.32093596725206947,0.8596421094946378,0.5951899543560044,1.0754313262051687,I
0.1438867630062418,-2.3716627642322483,2.6194267715500676,-0.4454840301822275,J
2.0293860188927897,1.235349254504398,-0.015025630828248048,-1.712482668073553,I
-0.8532177221335095,1.8523628593855792,1.3509289719009823,-0.5275857169696022,B
-0.5885283606713524,-0.8519897415505504,-0.5307222813779959,-0.3126125038071537,N
-2.122238990343973,0.2840112593300025,0.057985622393717,-0.5849553595962628,J
0.10176198869486527,-0.5654431100865582,0.888166644493596,0.7497944488377563,E
-0.1906755282627245,1.005260508798985,0.7308445905100904,-0.2508318496629278,C
0.622636259148969,-1.0224388165487022,-1.0832130966478273,-2.0027923806174543,F
1.1055248557641548,-0.09207915769380509,1.8731939073041142,-0.2133419584092416,F
-0.6525896132818885,-0.47186725499773186,0.7326934979511979,0.06980208286018491,H
-1.164024332568956,0.9080039948418315,-2.604089850010577,-0.7324266399712231,M
0.49951007613679443,-0.35344868405385704,0.240362856841784,0.6509202960786867,E
0.12377736407951316,-0.7164427809958036,0.03469202456158783,-1.7857538656586038,A
-0.6012215037864198,1.193962181756371,-0.26210091079412456,-0.19860802170883785,C
-0.17902332443315963,-1.118979250903057,-0.29186414385815085,-0.8249384218280688,J
-0.9479894281094996,0.920826048614437,1.4596822638235962,0.26977304607325014,C
-0.09839732545558516,0.808035699705525,0.5222543960367689,0.07126510681193277,E
0.35833805153440523,0.9072106708219132,2.2203093753638736,0.517283939669884,O
-0.7119233886942201,-1.1282475649237398,-0.3298041924599618,0.038408683847746976,D
2.576582601053781,0.3170942663808462,0.21786703659995074,1.27473585423205,I
1.0785090822400845,0.2656902355362007,0.2815190546110605,0.44089011436054465,K
1.0552425740141105,-0.11787267390489892,1.5666042248052507,0.6075532290869075,N
1.000482276910958,-0.8251108582814599,-0.2892513098464953,-0.3085030811923116,O
-0.03861050014485399,-1.4754142566666533,-0.5900663139259008,-1.049412904086672,G
-1.0139925326244326,-0.542192814728709,-0.4089950574267484,1.7205922153574447,I
1.5570578623018636,1.1945116045532682,-0.7417897787026938,1.1103807311993474,I
-1.2145700856974653,-0.27714218197772017,1.4417574116055494,0.49956257336757753,B
-1.2215456000040557,-1.2833927064037636,1.774241066964761,0.2869050025823552,L
1.0896438528794758,0.4312512295212102,-0.1751461735577361,1.029707983654087,E
1.4184511600093193,-1.0146649968895565,-1.238317138273286,-1.2119033952372693,K
0.4308247078778364,-1.0336209850276477,-1.0194985522856566,-1.2785074701591512,L
-1.6802484472959667,1.7852337517909895,0.5690522992029562,1.2399420587562493,F
1.8733451140520223,-0.9687849247642749,0.22843482977429805,1.1173875438571959,M
-0.8872798991091584,-1.3296991368654043,0.6496068942628989,0.8317315933886725,C
-0.267663605751508,-1.692374169412049,2.3862132737780817,1.2924265532967452,J
-2.4843626781537593,0.14880392167696266,-0.24366315454610293,2.048627486381828,N
1.0501796236724368,0.21753776057320026,0.5420187380833678,0.83412566589995,D
0.3463394483470854,-1.0771150528423015,0.6033883095496736,0.33516898601338996,I
-0.23517831832230732,-1.623107682093381,0.03738958059901733,1.8817608996869886,M
0.9009371621455429,0.8766239836525661,-0.4430687774979501,0.07881200380796008,H
1.2324822725198707,0.3961023222410752,-0.28117417488633756,0.270630320208648,L
-0.6674386038438063,-0.2281383993062616,0.9591347158459786,-0.21821159943550308,F
0.1913205887870468,0.5104775469910722,-0.455462548766465,1.6914101101423362,D
0.9028003735955169,-0.10759551404884758,-1.4324355263006296,-1.1294830219946717,N
-1.5080699463227092,-0.9224359484579203,0.7431999876164628,1.5747319182184796,A
-0.5044486697840741,1.095029377692631,0.23375540319671242,1.2641009714764155,C
-0.0417132248231674,-1.8499927027222476,1.8610792290963147,-0.14982083464043014,B
-0.8664582718623628,0.6860965436189653,-0.2177894909077089,-0.45450269428788426,H
-1.3786060114250789,1.1168861018802172,-1.0914963135823281,-0.8875470178975812,O
2.0492518676233646,-1.8403185149120238,-1.9094071575880776,1.057416418195287,A
-0.9649143683977313,-0.7776448903164269,0.26036897248313967,1.2322738168472671,L
-0.9386692271966374,0.921020516270129,-0.07526052892510604,2.2381026276166582,M
-1.0322671396648129,-0.5269152242923503,-0.3359939356021597,0.18444450540694116,K
0.46154324989397477,-0.9865078515760317,-0.012005186693259671,1.5541130330836215,A
-1.9645897410742805,0.8316215625509505,-2.171933702947499,-0.2574370948775642,N
0.814388839483363,0.3162440496516734,-0.7229886186058406,-1.6159121835245103,O
1.4434508188867414,0.6745043810725629,0.25946458753109913,-1.1157403803088461,I
0.04919531412387671,-0.008711323832578376,-0.009987654165754761,2.0816333401029685,N
0.18104580173091991,1.554906981663539,-0.8928369187794652,0.6941430666374764,K
0.370253462496095,-0.748583062731213,-0.41134677408907755,1.341683591025584,M
-2.0633424255135506,-0.38845282263862063,0.2605527086172719,-1.1720874527202232,J
0.3178866072438105,-1.0217137410517168,0.3054317442317448,-1.1404248127224483,H
-0.025878091356494902,1.122464295802947,1.2107142710765124,1.7377028343397154,I
-1.6386929856204815,1.0904345024650248,-0.127509417019585,0.03953098744678142,A
-0.43082059722357713,-0.023807994577866497,0.8840666397466044,-0.7154047777570233,K
0.09123182092788211,0.5007947093713853,0.6398300654871726,-0.39699672135313974,G
-0.42116216716167715,1.383162871228393,-1.593077994448634,0.6676114371143425,E
-0.6370998136581932,-0.9937256205395936,-0.2672613316095586,-0.03318913647269292,E
-0.8277360651329789,0.7019923865161452,0.48530996368415086,-0.3820006356614298,N
-1.1070521065145769,0.6768706600410632,-1.3705186155503402,-1.7418177831637078,K
-0.2283889388021836,0.12847005106485593,-0.47086556921745437,-1.0398325895696443,D
0.9301206659607878,0.33225046125081165,0.2036310375596236,0.07351888760932256,N
0.5465525668893971,1.0582330981805539,0.3069425672477344,-0.7666125817775409,J
0.6698638436786953,1.7486771409631017,0.9881943624713104,0.037401000055085114,J
1.6718349929912628,-0.3530781295035021,1.7416989973802675,0.4191132692016002,B
-0.48679477598721943,-1.471026352191081,-1.3644777411082205,1.112290153790287,G
1.9665077210066484,0.21636922198996278,-1.7463307942852138,0.7624235666505377,C
0.015269798906751161,1.558691066676198,0.9458379385306396,-1.9538562958172672,N
1.5809124077902157,-0.9402325386768201,0.4453804571232733,0.2566877332738348,K
1.2675808506124862,-0.2369263215677242,0.4508714080386528,0.9107463293762761,N
-0.630488415042522,0.3939136012923327,1.0919270293195795,-2.1246129544358787,L
-1.150321342926327,1.816822375250795,0.20910607366578224,-0.5155439494866995,N
1.1087274795755435,0.27382281136616565,1.3729860310266075,-0.1279390152698878,N
0.1977035265056239,-1.3201948877697853,0.23020518380999436,-1.3194295812899688,E
0.8610409589183763,-0.9445195621898613,0.7582180798838719,0.3510682747808162,C
0.1769526450830383,-0.2569472380719903,0.22654277161988462,1.7739894625285755,K
0.05726723987573917,-0.22283650858688794,-0.3847134067126217,0.2640122326962156,O
1.4816655633183557,0.42990464553998436,-0.5294091496557431,-1.4333713796106362,H
0.22057464591809012,1.4894549130748136,-1.3023741956072188,0.13228303480561468,K
0.5174319887965767,-0.9586116194760995,0.31651905616677556,-0.23431057759042914,B
1.5589786679799091,-0.3412000642930243,1.152577100098201,0.36421325676033117,E
1.043620782054565,0.9501345469087192,-1.3139385434080673,-1.1545396010520381,C
-1.024408912506685,-0.947540671577549,0.23407106206292175,0.6575208192950198,O
-1.730965695167818,0.4511386758288596,-1.097798543139294,-0.18714717555185814,O
-0.35400014718562994,0.47666922310073256,1.0199519382344084,0.5173307972789885,D
0.6251876522684265,-0.18182144612272133,-0.8341575659902877,0.5064789480858076,O
-1.2502641430418173,0.1268420335764815,-0.7531721957301643,-2.399352633020853,J
2.1811717160031945,-0.9944609561635684,1.7083332577244967,-0.9177712487308285,L
0.322844717485391,0.508124901297198,-1.249186180382968,1.572308213210495,H
0.041496662610198555,0.5928760271479607,0.9824385356102804,0.6421893242905713,A
-0.8870191795702541,-0.07725760117112822,0.29486487447227955,1.0450360411786799,J
-1.6448693705634367,2.110622595359262,1.5076662554028537,-0.019558740828193713,F
1.0068395789933011,-1.7615507144483071,-0.7494386167222956,-2.8313525161825797,K
-0.7293057766053351,1.1414875323300988,-1.0042565178123244,0.9074718037049693,H
0.24019981725496448,-0.23261557139758163,0.27061502192719966,0.3147684872210795,E
0.7287865323183782,1.2192210918976951,0.1991426974104564,0.4405813736721697,C
0.7612938750125958,-0.7591813843407332,-0.5547146498514975,1.063371801744728,N
0.6036295466945011,1.384071612283186,0.9717872662985885,-0.0798939809021823,B
-0.26794409146200504,-1.0849323763115635,-0.6984119900631649,-3.0757215991734306,F
1.9385342518934439,0.12873595744698704,-0.9974283946268974,1.113635862958955,G
-0.1717222537702995,-1.3203691443278112,-1.3952079926899732,1.2223387148621931,J
0.4498861594727825,0.34505917028620586,1.2362712997788774,-0.2378595333181255,D
0.2764018858167777,-1.1940285271125606,0.6187490355151409,-0.3741937525411272,C
-0.2529657576038734,-0.5273505312339368,-1.1639987971550785,0.8870906020863651,C
-2.2307549462909146,0.7052622180622143,-1.4474916043428656,0.4935438486072643,E
1.2500329237634649,-0.17985542272946023,-0.4375916379970567,-0.4522625213411326,N
0.455606163399211,0.2663507168689388,1.1685908498280186,-0.051619738697372027,G
-1.2702843040015064,1.3418073577644976,-1.7236994910846979,-1.1037025009151937,N
0.11529274761063968,0.4072258946461503,-0.5541097991686342,-0.7326591250117866,C
-0.79002227731561,0.8636799843926699,0.37778906032786763,0.8046744820403162,E
1.5342628622675483,1.0526980441393743,-0.9581777780695467,0.0024399159437114505,F
1.8018456903790132,0.8884619153230666,1.0452840967181105,0.8511620805296731,G
-2.746833649410942,0.9950579871199868,-2.054014110873851,0.5426734343627561,O
-0.34362735447051085,-0.7003765183999322,-1.44557420709621,0.13341144538756153,L
1.631730789922241,0.01726991350057846,-1.2329133838660635,0.39915967851024,E
-0.40836289546471766,0.9143574027224272,-0.9457791679519626,-0.8889263111256491,F
0.2556752560947844,-0.8711602457792842,1.0646435107709058,0.6941777265692578,C
0.20559479826506055,0.5129880604898778,-0.2900888696650333,1.131804274774077,G
0.2267196092841804,0.3886223865298219,0.8746765205776813,-0.9057313632978138,B
0.409290332413913,-1.8840418416787128,-0.7419384511249862,-0.7177827942272853,L
0.9991210785407602,-0.7426178156718339,1.1023231443469006,-0.8569894885031205,O
-0.9892863899108011,-0.05382399097386129,-0.5125472592106196,1.1688701770836154,D
-1.1009442946090315,0.6715778365653226,-0.7565511672926978,-0.040300955805366495,A
-0.2747588408430311,-0.344792707128161,-1.1192109700322321,-1.2487158174422164,J
0.7663152730690829,1.926823365816863,0.543082952016751,-2.515213250046553,K
0.393645240481609,0.4865715008693695,0.4775764858174119,0.6130353330137367,J
0.6860131605867205,-0.6015212508980757,-2.1936383974582814,0.22770373625420295,M
0.4898239760682524,1.3189277274571332,0.1503504255987369,0.7647055301614948,H
0.9652500437683432,-0.18410488026758465,0.27368512658054134,-0.4365201382546627,D
-0.07160513135595027,-0.37296468011484535,-1.2218423629871284,-0.6720873146368292,I
1.480396929184055,0.11016666831819327,0.6449177956807939,-0.6161318045559869,G
0.13614095692439504,1.3981124545554993,0.8710649703168538,-0.18576706782943184,A
-2.1193638285912817,1.26246761971199,-1.9509425477008897,0.6231815286704443,E
0.03567857922459961,-0.30566482530069794,1.1438640934222213,0.19617340074837433,H
1.0663442434603803,0.5630564190205257,-0.7164035038500485,-0.019906577356223337,B
-1.3430399516957339,0.10734613293179276,-1.7306336550753074,0.14382193920095043,J
0.6898253691668076,0.5695851117881909,-0.06736349572483909,-0.8394761844183122,B
1.6548705091848477,0.2219382044089501,-0.15224456469128306,0.5343371059567086,M
-1.2215141396893419,-0.11219773018118252,-0.77144565565953,1.2292986210486692,G
-0.2396183409837139,1.3498481598500356,0.681653459629923,-1.061692802603772,C
-0.5750980947621656,0.40965170529662437,1.5616091739046616,-1.1011130301876026,B
0.6579469341654013,0.14731334924871292,0.5645352406350883,-1.4776064411433456,G
-0.12641456891951136,-0.6857042752882893,0.15686264009335354,-0.5483485764772653,J
0.3977895556716061,0.4808768405431822,-0.1603331418394304,0.6620066879396841,H
-0.3044747528442821,0.8025512328774838,1.8962313732850882,0.3319127396679763,D
-0.39362960582868817,0.4716711608480704,-0.5903051525333459,-1.039553436345878,H
1.5272177279071923,-0.784179431665214,1.3305324549883184,-0.296913085927826,K
-2.116941085791168,-0.7941320175093478,0.5207740961870282,-1.46874969982182,I
-0.2416473941092574,-1.5273312695293773,0.5398305574089912,1.9547616414978544,H
0.43139355216249153,-0.8848406340562981,0.31920198983076875,1.4807726507179668,G
0.47391685494970925,-0.5432895729129642,-0.18817178641909993,-1.0000231752104278,E
-0.21053124674496068,-1.1089760126274921,1.187382988651668,-0.5270597525920522,L
0.6280194495790795,-0.31988275993782034,-1.0367379526642138,0.6613829811243964,I
-0.015734017743030057,0.5550064731741816,0.49292566771143964,-0.13868192013953864,F
-0.1078050244692337,1.6720184111487688,-0.20700655766257664,-0.3704406209637626,E
0.28903853776323735,-1.0216696252157758,1.3435686075661424,0.14264729138794452,B
-1.3602964078478843,-0.8135110790399622,0.8191417457619057,0.16334849772245083,L
1.0870497625318307,0.45600368912615225,0.6994796612452665,-1.8772397217679533,M
1.8931327021160316,-0.30190975982530477,0.41426245306471804,0.5159232204195745,E
-0.9277712573798895,0.5971412941337945,0.8822303329280872,0.5263595200608752,D
-0.3444908553003075,-0.8857891646308013,0.006215898412783098,0.9944290873828847,H
0.7456207852259611,-1.504833916007332,1.0413499587477562,1.283312464467302,I
-0.33980526425519303,0.18815264737171314,-1.059038043998506,-1.2731744704904138,K
-0.6086278780464072,1.7402048183762138,-0.619646292670345,0.6773034687951044,M
2.030401824824929,-0.8060356106232756,-0.23554548171801876,-0.8028892059858841,C
0.38426433057283255,0.6994875407678978,-0.48659499005136786,0.772319290276595,K
0.23857234279540024,-0.500603576460553,-1.626866797909512,0.34312119311100053,C
-0.854700316402827,0.18069429804369264,1.2362161136944694,0.4780845287875965,H
-0.305333214815438,-0.29317404108538314,0.3564247786376361,-1.6044648180823318,B
1.052360216244354,1.3611764652341676,-2.024705212591737,0.6690754485983504,L
-0.5535415006538377,-1.5127345482881207,-0.22281729850945778,-1.5702408151622402,O
-0.3347000016397153,0.35326260728689673,0.5546830842034397,0.036467327850001965,D
-0.9576361254247346,0.6942132344377295,-1.1288747167637663,1.9350531754094014,H
0.984910455797441,0.23322919436525155,-1.474070631153088,-2.025041577402885,D
-0.7383762022901231,-0.5512358816441382,0.7932759698442122,1.70457694900016,B
0.13135515980783832,-0.15637986911441729,-0.5652599804277982,0.020788826660904935,N
0.35432223798590917,0.03330630905861852,-0.29297534282125165,1.2204918985667539,J
-0.7049935589111223,-0.797241412606234,-1.448448113763553,0.06296976461489577,M
0.6168799856611412,-0.10933550449609189,-0.9818355747733596,-1.0528144991733837,F
0.7253582611500456,-0.7565458160458014,0.10965462378081724,0.35691496135159945,N
1.1172533358912766,-0.37529550720385857,0.36904148929024305,-0.3901086014950889,E
-0.9800265735316791,-0.31141682190762493,-0.8113057373291709,-0.013916366144667692,K
0.4036105295397855,-1.8824243860751255,-1.6383004763363391,0.8094135525955791,E
-0.061753695661123834,-0.34424032572163976,-2.5398321885351627,0.5773059175490736,L
-0.7857191009128459,0.05376924558956903,-0.07368222451012454,-1.7179668545972921,J
1.5200243940268943,1.3103327196720123,0.037045211979178795,1.2457352812790408,F
-0.14561738505115498,-1.2940472448809903,1.1933877517858467,0.015612162977157772,K
0.8686199316876269,-0.2445107777552907,-1.082166072804663,-0.873253582863397,O
-1.2826611555137342,0.1881924655062273,-0.18208260610280338,0.7279678202568147,J
-0.36120447113798787,-0.8595820285873703,-0.9662481706404016,1.203900784596071,J
2.032981542185006,0.14574066627341176,0.1432188594915831,-0.7624843860328634,C
0.045129304604070525,0.13006264045861513,0.33759690680302273,0.3533787111095366,O
-0.23366023973663563,1.7802662456219138,0.8983969158747623,-0.4908405546427126,H
-0.285294517905272,0.20853931452686422,1.426143725416141,0.19786938830613707,D
-0.3043730675671947,1.433735083477712,-0.965022634907759,-0.17464079789050832,C
-0.539272391755079,0.1883399569908844,-1.0350159083821144,-1.4370191719228314,B
-0.3865007754757433,0.3716071117068134,-1.6775084737222434,-0.07195391065866065,I
0.013427254808766878,-0.8707471742932555,0.12834015651247466,-1.0382609524338815,G
1.308769629577374,0.0767647870291695,0.00934588782452512,-1.9545431479595017,L
0.44592890715234224,0.7188473542138842,0.1864909341456009,1.071166063714449,B
0.14502710798388943,-0.4830841368819533,-2.0835492695114146,0.9352797710678643,L
-0.9668312651196967,1.6894178836634837,0.11142014864221267,1.0797945500811386,F
-0.14749455010224954,-0.024790133756500927,-1.3129760862327904,-1.1157513563982386,N
-0.05802763718405666,0.08792461612439621,-0.21194565604412555,-0.5559464410536855,C
1.0801201972098564,-0.6611515035269833,-0.8543584021440929,0.7056672732432008,J
-0.055332023384541545,1.9917147198354157,-0.6505163983111045,0.6033518837491814,F
1.5880252360121003,0.6577218803106079,-0.5767805154010363,-0.14425688581828527,C
0.6187926315408939,-1.6952822720976848,0.23760543506071968,0.09155463977206406,N
0.2369427189012191,-0.018478394414712725,0.678339298362519,-1.5840123834165551,N
-0.07627517769345009,0.2766011103620806,0.6123093015842839,0.11349286168085092,L
-0.585517664403638,0.12410716835131322,0.006128128806485672,-0.14394509571503164,L
-0.24516523486114283,-1.578573002924646,0.8504058316989591,-0.8848228491166892,N
0.3676702136606469,-0.07696334818534811,1.2636533752983437,1.4512690687557754,M
0.9526133658876996,1.698389002854735,-0.1930756310242121,-3.1212171849797814,G
1.3980176564280602,-0.4742168516392576,0.08846667975180415,0.1197964036315585,H
0.22677358930063193,0.37314253507122835,0.735373089728681,-1.607532888333759,A
1.3004813974374572,0.3794855769834856,-0.49556615519449704,1.0380626897410634,H
-0.44814124234409664,-1.0528654791022067,0.3816534311539791,-0.8172798490190432,F
-0.4417480314428292,-1.0442036699116297,1.3266620244543277,-0.7238263290241446,A
0.04271798028765495,-0.19782829287726808,-0.3913928398247354,0.7164351738308418,B
0.1173954963190133,0.4145799413178922,0.847497929933071,-0.620745148482195,N
-0.007401208115923307,-0.3200316808683553,1.0488008100703474,-1.6162719105853036,K
0.4769510580363538,0.012329181439590225,-2.3034814056236645,0.8057690018809096,L
0.5866191849600898,-0.7016816098149022,-1.115029837604225,-0.19269646769565132,N
-1.35799786604182,-0.7782418090981366,1.0000680011408536,0.614138593083192,M
0.13390952657131192,-0.02640450194747918,-0.029328137351978624,0.35705382368630995,G
1.2346746608124886,0.17252522865046024,-1.3754661645482986,0.12018137471454461,O
0.10511501884909512,-1.2647106730759532,-0.8167955002708932,0.06084772580152963,E
-0.533649776718972,0.5788421566251024,-0.13029259407804028,1.133246505512849,D
1.3514815261291255,1.6728283206942272,-0.9281119100184295,0.7623832355088809,H
0.42401744574472244,0.04070225268799825,1.4793292158769829,0.4184885446951412,J
2.199172760126128,0.011453446011556703,-0.6958957707753523,-0.22764570909663462,C
-0.5732610725661719,0.8258846960203816,-0.37867017206024245,0.20436008485592858,E
-0.02695191661324496,-1.5304112207974119,-0.012689566413570278,-0.08274965323076543,M
0.8567489506774771,0.92503978771681,-0.5223091202548432,0.4570819677794636,G
0.6508190943178289,-0.7921694630659448,0.6472823375022948,0.8431330402259049,B
-0.046053393492160824,0.6570146216420163,-0.8531091395159928,-0.17766844327419676,K
0.07752708556479712,-1.3703417339597124,0.5299159964794519,1.8096466046955577,C
-0.3062024838619047,-1.5844228872028694,0.9764481758491248,-1.4974736772956656,C
0.28102941447548346,-0.8130763309497246,1.2460568611322544,0.4584487036194342,D
-2.4591085685413443,-1.4784280747623733,0.7436044374115494,-1.9390298528653669,C
-0.012351070670389423,-0.131554677640837,1.0666069749989586,1.8084432410476419,O
0.027936925551028485,-0.33920800752936114,-0.015333286186086627,1.1619919090558033,K
0.670627759609687,1.3921216336469955,1.0928983162158732,-0.7033028540503915,H
0.28463685687725054,0.09072024453177947,0.09245238722600091,-0.8383254116205392,B
0.3930933475745857,0.6005760363740834,0.28669260553032083,-2.23068309344916,I
0.34561053528747226,0.83673163450563,0.979501097815942,-1.3758806976661795,L
0.7362445112333358,0.5884726851847736,1.1969933046132515,0.7661482852969808,C
-0.922559983058982,0.22298894746633383,2.501054516649597,0.20045463156743282,G
-0.10122968778468693,-0.01687468642499677,0.3289648587125876,-1.0067737547503066,F
0.10417782761215989,1.302684698032353,1.7527216684658429,0.21973271452920798,F
0.20129560223518198,1.2377736464692914,-0.6953182242869203,0.14674888041670855,A
1.5354308725501051,-0.504772904430909,0.694976908534145,-0.13541606458193037,K
-1.2322712011411558,0.09516257959740253,-1.434369980298333,0.8123060932961912,N
-2.0966150636868406,-0.37848473404304556,-0.012005374997737451,0.9227183996182762,G
1.5338083255349975,0.08739344461734878,0.10361297801611566,-0.9510790825596044,J
-0.23892066820126467,-1.364382475192893,0.12246549144166399,-1.6123454709490992,H
-0.46016055138622675,1.7882341856005906,-0.004265507509485126,-0.9206717178705901,N
-1.7953444652896131,-1.4080453307156597,-2.3225806087661796,1.0585748735645648,D
1.4527587858525826,-0.33039404121302335,0.6417623550310709,0.7347207570624635,D
-0.11946455246826654,0.7508973425126515,0.07264822613031963,0.4581972516071391,B
0.271552829217431,0.2691335383531907,-1.1145138203020202,0.31393114343634404,O
0.3845868572225934,-0.07816200698736382,1.2200479550558838,1.2108573642952447,H
0.057443393338553715,-0.9363039659921005,-1.0564893902759163,-0.43000145245163174,E
-0.5359553145765326,-0.493510107815479,0.4741052060477367,-1.3766963594852863,N
0.22832078499899633,-0.03240173329985938,-0.506732148258717,-0.7383257274110684,D
-0.6826580064477298,-1.9911298349091886,-0.5098216748345864,0.8862739833410301,D
1.2674870816506523,0.8890806906794412,1.715297460507354,-0.3995233203973639,N
0.7615649865010584,-0.9175525776335379,-0.20575015958667772,-0.4296248868305763,M
-1.4478060207708872,-0.8906241146056729,0.03581120229759601,0.21767705423739458,E
0.3161535178807533,-1.5855188573405683,0.6131970187065352,0.20835584973256463,A
-0.034026248319555814,1.0297553232546148,-0.6814517308554833,1.5177725895780556,G
2.3234059830532576,0.7593360349717846,1.5408448710508826,-1.3992312832408107,N
2.0418078363498364,-0.12477376422900077,-1.3514483095416943,-0.7762840696103115,E
0.42797991834043153,-0.6242559215875124,-0.8559300907919801,0.2939696092873633,N
-0.6605125993067823,2.049188668489408,0.8118247859758446,-0.7654744706621817,L
-0.358334035960812,-0.6564586659041993,-0.6744632412806859,-0.4341489145270189,E
1.018134260595274,-0.38493606232783684,0.6749252711849673,1.120363296687776,D
-0.3426285851533318,1.0756521837541422,-0.06345213863678402,0.2719687463950335,C
-0.5635835584372042,-1.265005936885071,-0.747383049530705,0.4559337932279626,L
-1.513910658926841,0.6696189610295709,-0.6453104210870609,-0.9575199517830882,I
0.2635337042715809,0.08172604201257724,-1.412176180878477,-1.6797606917415797,C
0.2088523405337396,0.14582278764583087,-0.08364470299766422,-1.455025110451768,I
-0.15877069568132582,-1.7173283213919404,1.439890328604641,1.1564796251777625,H
-0.29452939529013933,0.40672512601984506,2.5454373904959144,-0.15614987875553185,I
-0.18317308835161278,0.24958009553885427,-0.36079565338607594,-0.39714871050641615,G
-0.15683005485339774,-1.1526436775405868,-1.1077287953763044,-0.6276989251402977,M
-1.6264456440320458,-0.30424853933208773,-1.7047153785161302,0.038241338129336375,O
-1.3034045592635812,0.478957280237204,-0.4161175136526937,0.2341042661411117,G
0.18908960172185826,0.865604661405956,0.24034524814169905,-0.11942509702871762,G
-2.058243896887156,-0.7340023305644969,0.734075244289809,1.0524802653337708,F
-0.44106058279618465,-2.111524625223271,-0.020572268021609722,-0.16972017897695027,N
1.0637874719801677,-0.7457727066061921,-2.0044968980215456,0.22048355897690464,N
-1.7485079350903403,3.5387181765424396,-1.9251989077687763,-1.5641746835425778,I
0.5324096880560385,-1.0476014625300065,0.8396840309344595,-1.6745932767062708,E
-1.3004752887407531,-0.38179070920184977,-0.3127794137472661,1.8779761103312091,G
-0.21298902838987285,1.2914806466585906,-0.010160666788649823,-0.24403783997401424,D
-0.49199462737168903,-0.14699522992797515,0.7209905958511097,2.250016218707425,L
1.063400501855146,0.42943909254781965,-0.814566444212724,0.6496284960002794,I
-1.8261812742563217,-0.8538050511802756,0.3435327396637168,-0.38087392084986355,C
-1.2557755601204623,1.0976054569626448,-1.656026846003093,-1.1059678069506893,H
-0.6227654998842973,0.08875590243382732,1.9814414037319867,0.35274403515281316,A
-0.7783402023825599,-1.1386140946491516,-0.8875429364067989,0.2303587855435659,N
-1.6245517527108262,-0.8431473683332361,2.26246411959007,-0.13860917117629754,M
1.7091608852230484,0.21290931245712105,0.9307077101067245,-1.3857939074664574,A
-0.17114152764576532,0.742158011928536,0.007632897012732685,-1.0299466880276391,D
0.21309938852526303,-1.4504354731481104,0.9060048075395656,-1.8044156760358407,A
-2.0947878318402458,-1.9744478890446076,-1.0293563045555683,0.9235729583728469,L
-0.436556020218028,-0.4971239239288445,-0.8556092177638273,-2.2786248882405498,E
-0.7448150422709041,-0.4360167116185462,1.2271615236736853,-0.07611744179780573,M
-0.01435051507321229,-1.7894482802315221,1.700161126629492,0.6304462104162113,I
-1.4627390433043186,2.114569259712468,-0.0690019262650834,0.14201803571633678,D
-0.4324398369164899,1.1401675546433196,2.146412480799632,-0.1161320275127839,A
2.2170814103664704,-0.06583301036263799,1.8284861976973954,-0.5311969636074025,M
-0.17417634446599534,-0.7912786985551609,-0.8634522587770541,1.43529597215682,F
0.46326543859286445,-0.4406304132162126,0.543218584274121,0.7705021234388145,L
-0.5126646913313785,-0.9636889352842662,-0.5600109429580602,-0.03419874454794587,J
1.3128561035118749,-0.0410171095195775,1.0371720672382285,-0.49051768920952293,D
-0.7588011580021534,-1.2050120721009603,0.5989287751743486,-0.40858429156895537,A
-1.683929110291863,1.0986379330837186,-1.37394897747915,0.5441759871933163,A
1.6278515236885538,1.936842057235709,0.8465860796671673,0.07426709631937702,O
-0.5632850823034053,1.509623594270064,-0.5000319848892787,-0.13232334269547358,K
-0.9699329945810345,1.3521688662548688,-0.7541190223007083,-0.1549151579998401,A
-1.1906413607797288,2.0557060863577554,-0.46890871865121825,-0.06767594310175919,N
-0.43729464945036084,-2.5444811194377563,-1.3057166917977363,0.4980655031744022,D
0.7732958922614428,-0.2889822868919793,-1.0580448880892288,-0.5646475499452314,F
-0.9161239585227615,-1.8116091082370862,0.02582182489915497,1.6032049280068215,M
-0.9772032579269652,-0.4417853465237209,0.290072601066173,-0.8482587895606415,B
0.820986757225714,1.8405804604422362,-1.0415460619223234,-0.21601672998556504,O
1.3393287336036523,-0.7407210068854904,-0.2998287265176421,1.4023887848506047,B
1.2017199129948637,2.4118281052732655,-0.934429681919313,-0.43859094283721506,K
1.2286406518367117,0.03551641682930332,-0.7456622533151235,0.24151687038865122,N
-0.7784667551758032,1.459295611319154,-1.931752183754185,-1.1981133197020828,D
-0.8624713201418397,0.012788002975265202,-0.08339670655076539,-1.305124011090873,A
0.31173566201939423,1.1149272646057775,0.5470140928525896,0.03790805314807026,I
0.22846155111736274,0.2054862388870365,0.3318662837094728,-1.3792734140789695,I
0.6271126780953372,0.8610246021035359,1.0939414494934743,-0.018810183395478634,H
-0.8761432129587695,0.571968796232014,-0.2685235828676155,0.5283488626260813,M
-0.624708295315374,-1.2987970115497902,-0.4825877421582649,0.6994585890889639,F
0.06160745500265134,0.45470513644510735,0.4811898203585777,0.09781074418042976,O
-0.5356677507215085,1.6766707619475802,-0.8150796525079103,-0.5332518138409054,N
-1.1006572848338705,2.0062493157211594,1.0836851543831871,-0.8216837013876718,M
0.02229348418496764,1.8495084488753653,-1.4574527236619652,2.04960365877355,C
0.4981368849847836,-1.6212692785318117,0.20215709304698587,-0.8830409146221063,E
1.1463231675535752,-0.3808316236588634,-0.8357699936065499,-0.5538914913211859,M
-1.3895505184488424,-0.08714063152728167,-0.16673979230108077,1.6460123307158618,F
0.07189256014284875,-0.2074353623988695,2.417932668608602,-2.083234106636037,C
0.19247185900636904,0.5973379063890266,-1.5705763206278165,-0.37091331900751034,I
0.34390798520918026,-1.319484895767112,0.5417831308966173,-0.06180148594712163,I
-0.4619753571279604,0.18562989780514638,-1.32072561075537,-0.25583253740755935,F
1.0262106200360595,-0.4197663932363974,-1.0089234401722973,-1.4090040922330078,I
0.6189626346146934,-0.33789621839319767,0.22399505977123216,0.16734527268567975,A
-0.860642743719955,1.294476465826408,-0.011420315168772063,0.5858605444836154,A
-1.0829853217636527,-0.6151273578685774,-0.312574140215979,0.17929768541882832,F
-0.9265687924277756,-1.2333537152720293,-2.0358807155705305,-1.5955396307460572,O
1.5722932914522374,0.6952261205714653,-2.259388008973013,0.9166037149362236,E
0.33440840225458185,1.8410011359529554,-1.2073537039115128,-0.7298472876822114,G
-0.2370853099609441,-1.8184176675790604,1.4843594913128053,0.4387284027274679,F
0.05695418869464094,-0.300003772434496,0.923809566646448,-0.5293811347599995,K
0.33129509051739564,1.030014616741222,1.1804197738496276,1.3079166776280853,J
1.1137508338631137,0.6809724533357345,-0.004131568431856129,0.052913986934643636,E
1.2676192934883193,1.0256951382028472,-1.203544990184339,-0.3143779770468698,A
-1.0918891175838958,0.9819960762576662,-0.5469095214254148,-0.2970640443654001,D
0.21701499466055066,0.5792259027162037,2.198788538078245,1.8363364901892525,I
-1.8163056018877812,-0.7850360475986041,-0.7635739868126669,-1.2477191926140727,D
1.1905112647643112,1.7107703655012994,1.5534841143249303,-0.037931853092698156,J
-0.687068277736228,-0.43607583213751394,1.022981916819406,0.42621421545404,K
-0.04817239604772129,-1.060666130641977,0.9438164054258329,-0.7270273102460943,C
1.9129069609244698,-2.075927183525943,-0.10249173225891091,0.12135247956937913,E
0.3217207198820674,-1.3880827118828172,-0.43185457203599276,-1.064615902864295,K
2.103536583990567,-2.3277646203975904,0.23563544574330017,2.6564609656029425,L
1.1822823794432125,-0.3785225729403691,-0.5326686004942895,1.6589516275475902,I
1.6692423854862695,0.671114368999317,-0.0879687994635298,0.016460882456308574,G
-0.6184767998395175,0.004374681665797798,-2.8202579384613364,0.3969798785719229,E
0.4545645285196865,1.7241431626675447,2.127721122053025,0.239120252366686,N
0.3721601887812941,0.3098048449919763,-0.19068930081912955,-0.6570581564866674,F
-0.10901497923103178,-0.4395430203793585,0.8836059625527527,1.2431701751416047,O
-0.16778564804133436,0.006798502902644963,0.9435781761581346,0.21896762400261496,C
0.6093838327271659,-1.368829998548258,1.2664801571138122,-0.9076460870652155,L
0.7025402657398835,-0.627574998618005,-0.34108875948773054,-0.07240121620657329,L
-0.007029167575580912,-0.7112846290893691,-1.2831178532558056,1.1450942624567049,B
1.0630737161658304,-0.313171423068881,-0.4909042658829911,-1.2070322904233295,H
2.0641087941344907,0.35598969853146273,-0.9355334434227985,1.6132509324104698,C
0.6205612070316577,-0.20452672728337346,-0.10435208992337425,1.0737113977790362,H
-0.8703570531374146,-0.18059916788511077,0.7568938535833281,0.815427216034035,H
-0.5938818611714879,-0.5230809355414061,-1.3294676263031635,-2.655987637588953,A
-0.6125412427896012,0.4326671978929555,0.25898120636610045,-0.9242652545220037,J
-0.5680442393081152,-1.4815141846430033,-0.921589038843691,-2.369283551531629,G
-1.9564843659403497,-0.6704510555259602,-0.010536779354058914,-0.4724884750403202,B
0.8494389133292861,-1.3494271406734402,2.086222734025178,-1.2831566017725076,E
1.470505363092841,0.5315096490718427,-0.981073100628016,-0.3503783504799101,J
-0.5154490354655534,-0.6354146993363468,-0.363249205124316,0.4275910017033071,A
-0.1562008922370209,1.0926770722750965,-0.29774448546471927,0.9273730030065075,C
-1.4469085905854018,1.2062852489859688,0.6670639810631483,1.6152721390908078,C
-1.9453417745750818,-0.09737816157360606,1.4383620069714165,1.0275373321742485,M
0.8344115500469296,1.0709264847951416,-0.3743735086336169,-0.47692608726625085,O
0.03248829457342261,0.9093845987384177,1.6387404536546,0.5988842262082449,J
1.4033014904566015,1.2370171392564717,0.398962093926159,0.12087501820390113,C
1.0967419539434873,-0.2971209951585731,-0.5611171584473656,-0.0034279251806657533,J
0.30525268984777576,1.113280582856959,-1.4720128712288396,0.5646363490810614,F
0.6859137190313626,-0.6605438595373956,-2.5672154134008416,-0.13241627087044436,K
1.2022559651712463,0.06715910730795227,0.7327019567957463,-0.7659676433101597,A
-1.3451100015906174,-1.0817891839694025,0.8598734388714565,-0.3304319785312999,H
-0.4810688962419404,0.7265722406662662,-0.3990705672855205,-0.5910095035576031,L
0.724393310971707,1.0536406441300559,1.0100076768221586,-0.14285497777693495,K
0.42346972319999265,0.5535858100753459,0.5330608814002946,-0.673277666980206,M
-1.696507554710553,1.6573661037584024,0.4467779284734737,0.6390762786178367,D
-1.0410513723486505,1.178136992739396,-0.310755561137492,-1.9831508847920751,K
-0.9277872021410164,-2.2662544389917687,-0.29748752559818453,-0.14306872587337294,N
0.9614346788190429,0.7302577420488497,-0.4147619755295817,-0.5454833538857768,O
-1.8472582554735502,1.5111140562787309,-0.8060240149573763,-0.21227823133658205,C
-0.6832113870201565,1.5274369071708522,-0.3758685380678743,-0.8885098755740182,L
-0.8581850048664545,-1.2512010867917926,-0.33047969318622383,-1.59107644719812,J
-0.5905488085450386,-0.9482438345930034,-1.6752109826818677,-0.5839335395488567,F
-0.04093108977161208,0.23328925583850715,-0.19781530022446417,0.5273764401995131,M
-0.23896975675543825,-0.03228411427815465,-0.9446012586809103,1.322587529242672,M
0.056799259601930746,-0.23448820196344472,-0.6464359313636828,-0.5327511602635692,B
0.5889773125256449,0.8790701197413002,-0.24031013732327489,-1.1735665757370402,N
-0.7320384407534357,1.235276853246241,0.25446715672737513,-1.3829756773251602,O
-1.9998102939424725,-0.2637012844345712,0.15962745660822147,1.046366450310602,B
0.09849529019138661,0.36792859627871016,1.764260779823737,-0.9978401891325431,K
1.2683692989822362,0.21679947441842212,-0.2258795783993502,0.4378330116427217,M
-0.8808547179883326,-2.7279873062835605,0.7214945553714216,-0.6617296624003047,E
-0.17456972557537176,-1.1052196850167566,-1.5535198121805907,-0.004497343196558176,G
-0.7260703111615646,-1.4406897044518654,0.9892509359502761,-1.1557430437256342,M
0.6216342656380728,1.1951560147132836,0.40217180764956734,0.2935531000929512,D
-0.8372477986752321,0.49039073029903074,-2.7861562909949793,-1.1476899699863188,J
-0.16051552463607544,-0.1370790238596266,-1.7329273645007073,0.032526751235580194,H
1.3067333097848914,1.7727417641413425,-0.22197483899803247,1.7098760988475696,H
-1.913257416751769,-0.07387551942880433,1.576697710056271,-0.5745381984172896,J
-0.4785307113634605,-0.10917802377468579,0.23166167541793536,-0.4757896706777731,G
0.5598357020924761,0.5085241076681474,-0.02135335347164173,-0.1474210069764553,N
-1.0426744490775657,0.6829897607384133,0.802584431787193,0.29231734955019595,G
-0.11494966991313467,-0.36151137529065014,0.5715536685634366,-0.3951558670314633,E
-1.254800686175043,2.605252791444129,0.8980409420971894,0.21152668821863402,E
-1.916230427300971,-0.5036386527474225,-1.0892150859937486,2.958517841495141,F
0.7754897057166132,0.4243683046652372,0.22401210237714317,-0.7797480592217385,A
2.2412411755219463,0.054923390691411576,0.1049128597370787,-0.6210472883273732,B
0.9887171101995678,0.2401160269230736,-0.1812920604265357,0.4386368219573562,I
-0.3389061753119655,-0.7196945502875434,0.37920205904729526,-0.18086673597417263,N
-1.4978014644512119,-1.8859476056255111,0.6169514478527807,0.4908909313220486,K
-0.0763982547450305,1.6387707789574113,-1.0111665055990073,0.23522236062005275,I
0.3519214214002078,-0.052052148527883695,-1.6764446116534362,0.446084702342673,N
-0.3915542383402735,-1.0888296902589145,0.6056861016766953,0.6535098684281223,M
-0.2710777891138305,0.48296207078280556,-0.2812581605736053,1.5112206191848978,D
-0.9543920093817736,0.014096332555302123,-0.2687684792923827,0.12631686702163486,B
1.1054242881607892,-0.8994127412823538,0.2493445235244496,0.28086323964647353,C
-0.0003817533965183141,0.9819928784147499,-2.1553339616317166,1.0737595863523743,N
1.9126842378191637,-0.7517396962783246,-1.0285053786253648,1.0785806766512975,G
0.8646847274504463,1.5555118724041737,0.08980026548522421,1.2240456979367826,B
0.0360864686812544,2.7597028332200777,0.4211164869980931,0.4573916003542705,N
1.0133067726674954,-2.6683981595198305,-0.15985545873092089,-0.14214065436449966,M
-0.7910530051875688,-0.5441105851037711,0.16492953293560048,-1.1003099253770237,C
1.6198724079376603,0.06692508959980889,-1.440350757581523,0.8719126710274039,B
-1.4840034157619915,-0.3075091152226358,0.27239609744748694,-0.32368208614639826,N
-1.4182250925327538,-0.997323030620221,0.03758988410439615,-1.5156020916618769,K
0.6782489146252194,1.4220846229998598,-0.43702692179031394,-1.20667142222439,O
-0.12624357232406613,1.817157946970598,1.0877279663058106,0.32563753161596587,O
0.22036761233379937,-0.8357962865672958,1.5744422120036659,0.8396003931770041,C
-0.0931235927237075,-0.17371974992755448,-1.076943332417672,-1.2619611197481768,A
-0.23971248666145759,-1.3580570504976703,-0.7334681130048764,2.1890200685397345,M
1.1161652289015411,-0.17612409567940512,-0.3625338252301965,-0.3473138747905781,L
1.1458830217294624,0.06705760906816428,0.29393386052583126,-1.1823113647112615,O
-0.7068971501182358,-0.5927129607565463,-1.1011266670083615,0.8228176110681757,N
-1.1041309702709903,-0.3407177058097784,-1.1995617785952362,0.4766983452717787,A
1.2137279472831952,-1.0047150306225736,-0.20989714281399416,0.2622960996286558,N
-2.0567341382439146,-0.036802507473885616,-1.4832343066512776,0.9430316589131355,J
0.9520350845569209,-0.5297338535193153,-0.24789544697841442,-0.010687912227115728,M
-0.15461907794154692,-1.4751129466462314,1.327747001086118,1.3746950229439865,F
0.9503379557445982,-1.174853047398023,-0.8280356248291627,0.298415803786954,L
1.2815115387931528,0.39587231860628347,0.30714159454274564,-0.1506183364986284,L
0.9387926197064838,0.7230725886325226,-0.3387712099346639,-0.2028040041960036,D
1.6318997426383264,0.1325149636030662,-0.1742416236065653,0.39899543272465954,G
-1.4931466190170948,-0.7259034622362349,-2.3745446328130058,0.8436184001163239,G
0.05051387072741051,-0.6519040466108826,0.009811334228663503,-0.4337490543309771,K
1.6166488915423765,1.2147273171279054,0.8144863737011935,0.19046625214191604,E
-1.5603381446524305,1.3449004515472411,-0.7207574737119216,0.6783788813240976,J
1.393213267756072,-0.43931434066976854,-0.0179071709170876,-1.1926110463694701,N
-1.177199781901271,1.1514800244262742,-0.7992812836369504,0.7085156791017813,L
-0.03877098434446857,2.0505000837261678,1.7590826590442932,0.6348325585420846,G
-0.11584539693638257,-0.3070817550571363,1.1953905493773134,1.4259717079067353,B
0.6802688030148738,-0.6718033872886408,-0.4895298031961128,1.0889574839968632,G
-1.602978497507089,-0.9281964072671922,-1.3308331656998034,-1.71384341727581,B
1.4665379672325485,0.35513783552564765,-0.02897458693623661,-0.22036490031829103,D
0.1631967624130002,0.7798713785259811,0.60694566973655,-0.1581146164267294,H
-1.7437821874034816,-1.1849779110311192,-2.2044444094058244,-1.0849458835555086,M
-0.5609662735561514,-0.202139659622694,-1.7756455920520557,-0.6699928587230259,C
1.625307868792346,-0.19613355569583446,-0.631737011359864,-0.03728157821831601,I
0.43571754710345806,-0.08821085714116962,0.539699606169277,-2.6085688495311286,G
-1.0768747205160107,-0.6528417337727394,0.9839829671346789,-1.8469041585556654,G
1.2653392645578911,0.6541160605151697,0.3995945868988312,-0.29340359627427864,G
-1.7482085004136962,0.7751810906782608,1.7325550508712906,0.8767602580084923,I
1.671700073802159,0.660141343690608,-0.2180428686840419,-0.4091485723098277,F
1.0830686384778738,-0.18289094992181285,-0.7395929351231566,-2.2622598577221793,O
-0.19385220467194186,0.7751267898512438,-0.9112485039361267,-0.6154092797143018,L
0.438530582427718,0.22630865193714353,1.1597584367392328,-0.1864733577155227,J
-0.4180707789273733,-1.5980730570286508,-1.9260833584917962,2.8717499781519282,E
0.14128039705292422,-0.1205991518820748,0.33878024668480183,0.8834863850563223,G
1.6811983211976624,-1.1237047075087885,-0.10292423288194807,0.8482840380627217,A
-2.3322181150903387,-1.9991934411054693,-0.674917359902621,-0.43992828774248843,C
1.2086185354754162,0.21757837465407773,0.7715762437588344,0.29366535616444567,M
0.13494698284106615,0.9784673359436183,0.15761060268939192,-0.24012632241012336,D
0.7102899554057786,0.2514462276779262,-3.060898472758617,0.8226779704181396,A
-1.28851749744536,-0.17488078913092553,-0.13542352759371595,-0.03991524526622677,I
-1.0279999145614924,1.3866198149475586,-0.30242082201779175,-0.3052455575691127,L
-2.189666882191614,-1.6736092780248104,-1.2830094222463935,0.24312374020317248,D
-0.8583977607687341,0.5064726615020037,-0.6018685011994972,0.9578270600472437,I
1.719765808939666,-0.35324870361324784,2.494378565885778,-1.0081827703409239,J
-1.5310764053518842,0.08654569381934873,0.9047258881842745,0.7056619358135727,G
1.461426324362488,1.0584236101228939,-1.0748820786268567,-0.4433639706479535,F
0.5722370968034541,-1.2390262662122693,-1.1728167204945386,-0.028933968429695794,F
0.1966032097868606,0.08284146327353754,-0.05906186459335486,1.3555728674914476,E
-0.2374522050717535,-1.6691038187921843,-2.1809066558004293,-0.9742805436727778,D
1.557440604698704,0.007092490902389114,1.7349019616724723,-0.9944894415866439,G
-0.5843772605508628,0.7234727369248435,-0.20146549554282467,0.00043595863149775157,J
-0.9316291822390268,0.1269722142775922,-1.6237079875837799,0.6852714418233475,I
-0.6284071115846248,-1.5761012503886873,-0.8373702030327278,0.39057746671385196,C
-0.010212495622937086,-0.3606479455760573,-0.47175323614454345,2.1790077857963226,C
-0.4932797529317333,0.40235357433439595,-2.1637165489556414,-0.7370719219422885,N
1.9567867699262946,0.1326922111910397,-0.6502254305769344,-1.0859424299155316,L
-1.1192873429204824,-0.8538545334373314,0.3565578293733627,0.5309069260934339,K
-0.22590883022758765,0.7483588153690905,-0.06414665300254385,-1.1687228136972359,C
0.7829324007914791,0.8693206462582643,0.7447688323355126,-0.971848067104146,I
-1.0339356172157002,-1.1258599221603294,-0.5302126276593675,-0.6288190992282564,A
-0.44878053931594425,-0.5781403102629381,-1.481216436134064,-1.0289803668273996,J
-0.2953270978446975,-2.498249913616545,0.3453964503321967,0.15682717309157046,N
0.3623314497842989,1.493539814998105,-0.8456768995553766,0.5542304668599564,L
0.5394749849628291,-0.7376281564555838,-1.203116065302767,-1.964868316473775,H
0.8120507746563287,-0.8573947077663436,-1.8558372232477867,1.280364966522263,N
0.7452530588011707,0.6900233861158687,1.503978558578479,-1.2391422499425477,J
0.2762856952318042,-2.117063020799641,-1.1707329849117767,0.33400641376555346,E
0.8060874987257831,1.5258452772121354,-0.14236866599156506,-0.452672462316011,C
2.034305552077018,0.1646765605785554,-0.9305128694751688,-0.10379633434247199,C
-1.3910359177121896,0.13887354517809658,-0.06385584745065627,0.7583551169004474,O
-1.9321337297388388,0.4014716881736489,0.8630606979613025,-1.0766689108447707,O
-0.7851965893130437,0.2991387198735445,0.6260325981846411,1.0581776650860244,B
0.39486803311409374,-0.6917462879828437,-1.046386892556807,-0.3396519558295054,D
-0.5371279880089836,1.7098594133875415,-0.9502375104316915,1.6733513747158655,C
1.3246141440559887,-1.8278947359664424,1.3165216594404572,1.3528009709947677,B
0.35604586517112335,-1.682153975228252,1.417491148648777,0.7625670970369,K
0.526347228998978,0.028838906924448408,0.03168339502696472,0.6336609317157219,N
0.6177830689305596,-0.4071782470747552,0.1951723270340378,1.4432291044637873,M
-0.39903619174694666,0.2607450087824018,2.481831755315967,0.49199490708300025,N
0.554173285480558,-1.319307723904309,0.9000024715630811,-0.5214321043797614,B
-0.8347798598653017,-0.7500001926833271,-0.5282501628268164,0.16397766870370703,I
0.9960344748907822,-0.1947431299256204,1.2279429011722325,-0.4600146509829958,D
-0.22850930178624895,-0.6352605581673585,-1.5667541762136603,-0.23155770095457642,E
-0.8916212766663698,-1.3764311550993653,-0.004228517848771755,-0.5300806237109406,D
-1.5549879948366134,1.3959929714073527,-1.4309037595974274,0.2919246527317199,J
0.9464814265599254,-0.8093066686146284,0.808291050432991,0.038040182951925426,L
-0.6604848858598886,0.9773627555657161,0.9772674133886913,-0.8764459068132697,G
1.275726856116987,-0.713381898955788,0.08893700439412573,-0.9162372322408007,M
-0.7356296717721322,0.23688917509885526,-1.0351609454761583,-1.5747190153883217,G
0.5336228584163598,-0.9009574044145455,-1.1379561560639784,-0.28855482292826723,C
-0.7774870858533907,0.48918551167914986,-1.579262997501569,0.6117875566270655,E
0.5920802485000604,-0.6910131829700356,-1.0998938973221126,-0.6876083813871909,K
-0.252183192503573,2.520465823621108,-1.2068888867566034,-0.5663286026496474,J
0.5942734941021535,0.9172176522152385,-0.018511985954558968,-0.0912112953082145,D
-0.07591889554687593,2.2786171568377687,0.23502921413000166,0.8404943174690794,A
-0.13157403580044044,0.9253238891949732,-2.4292209489800753,-0.4072201168196849,K
-0.007885639449047731,-0.5114498019743051,-0.5055943173205453,0.9750600303855618,O
-0.89313823514247,-2.2413596305202907,-0.21442959581477108,-0.9674885349474347,F
0.16200878203442065,0.48753298526446753,-1.198722329968624,-0.15893414205381248,E
-0.04744557674031772,0.35525533765714895,-0.2565909566860139,0.1784405185447754,E
-0.4106391301363984,1.397579964768918,0.3112114917716841,0.6091048388852033,G
-0.3502248269053313,-0.27487936216531583,-0.23428393579765458,-1.2735111141333617,G
-1.4782915776093342,-0.49203558974216155,1.065228561036137,0.46683626432950337,J
1.0428653628076772,-0.6522054584179752,1.511867729613192,-0.9616032997509805,C
-0.6203492441109493,-0.05694266162599473,0.5377694223098958,-0.27987192683292905,N
-0.2917436201304984,-0.5686057009251628,1.3274848383035636,1.4999809359526604,O
0.8265407837142067,0.5287240058883285,-0.2257973563399953,1.2934946542808565,H
-1.10642022017903,0.6280522916083452,0.9638960231737655,1.0234535701791592,F
0.10057003631110499,-0.855636190408851,1.069924264207214,-0.3023584944827674,O
-1.5073027252105224,-0.3806183275942431,-2.738581740580834,-0.19071814352437938,D
-0.2281307265943142,0.3645706076826075,-0.9732787188076821,-0.15866668103560863,M
-2.296540553582955,0.9532181522365111,0.1904938860696194,0.029061281247781467,L
-0.03648752814933805,0.6199522850756374,0.4107701299594961,0.5179130962878382,I
-2.160225615930687,0.13412478074282588,0.4612349698172928,0.8437262941099748,B
-1.1063919632027075,-0.7124243976663799,1.440491067677198,-1.715449836151218,E
1.4761873045685576,0.4352237646713089,-0.7813088781661158,0.45745813217737624,M
1.4117778812184893,1.273358683481428,1.2422701620929613,-1.3762442375500534,B
-0.36465657865448614,-0.4176868161071659,-0.8392405542475301,0.6783139830751267,J
2.779788508151425,0.33322054809848556,0.14049514933598803,0.19559828835744217,H
0.00849529819841579,0.042123050265584196,-0.5297374145377525,0.6405470158930364,M
0.7863113416657246,-0.7604483329921387,0.31515984554690196,2.0712491025122057,I
0.1698802324108467,-0.6985868297363252,0.7267980800717132,-0.4326124334576213,N
-0.7240272942553511,-0.156755148761589,0.053491234815354664,-1.1371197655418561,M
-0.01738896360981695,-0.34341328236758917,-1.0652189369066938,0.5843354627360013,L
0.07546797170078529,-1.4629241009125848,-0.09800036622113953,-0.6682252900381566,O
0.7880732122188401,-0.2408922915159334,0.5351823951484742,-0.7044388259955601,N
-0.5691562682838537,0.9937136286813922,-0.6429920933733226,-0.04020264288328932,A
-0.7345778780957176,-0.6965003569653698,-1.3173360554218816,0.8046934596962007,C
-0.30466897120735104,-1.4326582415371198,0.3754446591133727,-0.08445680921229712,K
-1.1278421619404115,-0.9239400404204915,0.23867633190620227,-0.8407644001955742,D
-1.871588550187346,0.28865742966041874,0.3566167473374564,0.9701475902145952,K
-0.19327721292193742,-1.181283452681165,0.7480536168389575,-1.2190704333264608,J
0.8364484519176443,-1.1399227725125365,0.8965101668336429,-1.180518026538479,F
-0.8215576297871965,-0.7018423115194882,-0.5413147686221829,0.3747638433832131,O
0.9567377217215277,-0.47377806070629297,3.2593350497991533,-0.36750266831868456,H
0.4971635974887903,-0.4656737559831844,0.4141653944522067,-0.15067017595571863,K
-0.7015963443501859,1.020854043100946,-0.9598886792286401,-0.7355211962605781,O
-0.5794823152910124,-0.9147532990048493,-0.6164743111068851,2.0761833479716256,F
-1.6448371369595636,-0.06629551823592303,0.3257323904177226,0.9935489834980985,K
0.8548121831219048,-0.6238157574202655,0.11563784451628548,0.4397664591297141,K
0.0824378503684392,-0.12258784352143273,0.6991875582448703,0.7432996110868977,F
0.40754238053802594,1.0874954071688534,-0.49102335017432774,1.168070393007572,N
0.1006256255968936,-1.3216881606033852,2.1802854747743297,1.1178572792186552,B
-0.43359117200348996,0.5314239672662533,-0.2896080575358987,1.0846864825472846,N
1.1733870067325967,-2.0210886341873118,-0.6412355840106284,-0.884631090777258,A
-0.5841224117880541,-0.990699206393985,-1.6946628442374236,2.017605229281025,I
-0.5101547207973091,-0.0731380691380668,-1.9539223973327398,0.0014518549126077212,D
0.6915714085873303,0.04795910826907128,0.560307169505686,-0.2733885340997033,B
-0.5663993492947151,-1.241246957855982,1.4710030655471311,-1.1675906201442587,L
-0.058383470631590294,0.20069977330108515,0.7427815394807703,0.46565706138822976,J
-0.4338533733393595,-0.8431767754810271,-0.8934226891980038,0.14792974826186592,E
-0.8720361140369066,0.6126646931391262,-0.9150643330454893,1.2358718819535597,N
-0.09804712737563259,0.8987885056238613,0.36207430247968087,0.5934747062103878,O
1.1280936214877424,-0.4372212455844205,-0.9289355363243817,-0.8209377781840153,O
-1.0131523540961929,1.012763539089263,-1.1171729764784801,0.20009964635105276,E
-0.36011815529132724,-1.1722266954578329,2.4752464641863923,1.0042698660213036,B
-0.250146126764515,-0.4709591892325346,1.1799561990411853,-1.1140753633449958,O
0.6152536174465695,-2.455853517393614,-2.226755285220024,0.7214783808224269,M
1.8447658778135139,-2.349696230618141,1.5152683129459765,0.7039582820456649,J
-1.2873165028647413,0.6382332087497893,0.5775187543424676,-1.1906280539666785,F
-0.17593629459113383,-0.7330257562135867,0.2550897960321773,-0.3074525631779468,O
0.05450536205364836,0.06544773406875751,1.2232234302136,-0.409383992265097,D
0.3392350125129681,-0.014809140528699494,1.137288105871221,-0.5206549305112514,K
-0.14759019016097086,-0.41133635075269903,-0.8578722079659271,0.12575064208773565,M
-0.8624662898044643,0.21896181881638904,-0.05750810772873458,-0.5499725391396912,D
-1.2613154166213771,0.19750665530663314,-1.4306880698229476,0.041180147379864245,J
0.5841671592137834,1.1124704111056969,-1.4951581526742173,-0.8934101456712771,E
-1.1236917647257127,-0.03279763958978096,1.3103499391523294,0.6268025858131574,M
1.3155910662678243,1.1804858879836275,-0.2538859963042968,-0.9970595340552288,M
0.4766461657510165,-1.1698977491944198,-0.3236135286662381,-1.726895016798998,C
-0.9955327815782925,1.5286228897186893,-0.34773892376145643,1.082716480635452,C
2.310156227528923,-0.5431699691374763,-1.0851620387353882,0.4318187638770348,E
-1.2670066254562624,-0.4020567091118521,-1.0841278744820717,-0.36981303149014905,K
0.2619578112576955,-0.32360287035109203,0.34595440631512836,0.16329517512026795,L
-0.14757831912524236,-1.0507899398034533,-0.5056350379784517,-0.9545473152649844,A
1.9201943274887554,0.24951670873772414,-1.6128566136869973,-0.21788645104809673,L
0.964768525946782,-1.4716737818378844,0.17103669893136783,-0.3979534463445917,F
-0.04517573380712952,1.362945109928646,-0.27891953796019825,-0.42919036279049644,E
-0.9274465631787366,0.15815238191308723,0.7517704173828895,-0.7563173255859534,B
0.026968829816603115,-1.381087591375601,-0.9137855687375218,-0.1316854695452807,I
-0.2028284718487153,-0.36714162089057345,-0.40714851137454955,-0.674612541302429,E
-1.3663796648261748,0.9371478222829771,-0.10836378633715356,-1.4808446959235035,M
0.2358684704200004,0.7756465475871256,2.7549133049695484,0.21485087850089374,D
0.501092765543308,1.1290599865708153,0.21281204324993694,-0.9746682086588645,I
-0.33212295571482026,-0.29815589805441234,-1.5349595248553491,0.17736928967594473,M
-0.28493300411448036,1.2320866693536716,0.6545527979817316,-1.04950769779096,O
-0.4224393215610925,-0.4549719549278173,-0.38952880510747373,-0.04957854138661795,H
-0.871940176465003,1.713158420167384,-0.6667334936739993,-0.5635078873614265,G
0.27826972900837754,-0.1589618778096608,0.36474338295439007,0.725834476056164,K
-0.25085596890430367,-0.5208789244884259,-0.01522908632068972,-0.5359639049884112,G
-0.26876050570433696,1.071674219910282,-0.6929982214963437,-1.0940050327993416,F
1.2868834129548898,-0.3625847318039477,0.6313942213861986,-0.05155382669566683,L
0.2661128809224694,-0.7455973580384162,0.6366266346819645,-1.3071908993977945,L
-0.9126873865206672,-1.0574384909968473,0.05110713992573092,0.9895384930018861,B
-0.02737251141919952,-1.3564406271782936,0.5160953424503326,-0.9685555352856912,K
-0.026843961221633867,-0.034518417950785134,-0.2265822591430602,1.0050239839956778,B
1.813425130296993,-0.09896296463679068,0.017570445045806436,-0.5028143819718142,G
-2.2729544891338738,-2.166879353796429,0.3459982440034362,1.2803724758095927,I
0.2835110342626732,-0.6479202178515259,0.21183862915718635,-1.421056449426473,D
-0.93304899256858,0.05136508541291747,0.9171428752268583,-1.375227804599395,L
0.23523884905906386,-1.4354413221575058,1.403296989737175,-0.6784334499981359,A
0.7646646029271859,-0.47577820103851526,0.09009964565356621,-2.0857506296649087,H
0.15428217913085515,0.5902693473741963,-0.5326931584101571,0.08113999420527689,E
-0.840274310162741,0.9155177377986641,-0.7950745252742102,-1.5040517903873178,H
-0.24827481592737108,0.6507275807667698,1.8913870215809987,-1.107096726775603,I
-1.5710217525872154,-0.5330938434649369,-0.8446264424241081,-0.04277675962320162,L
-0.022401256904758002,1.264711753047521,-1.4276118808503748,0.1520419232055863,B
0.2598317227742943,-1.9559638128777819,0.1276842923031882,-0.430584071908627,F
-0.5462614480175159,-0.1343545043012749,-0.79401210621009,0.7086412128744258,E
-0.09080959941713389,-0.703411404729417,2.1017802803048595,0.5148158494194071,D
0.8056420683656097,0.16111184520284336,2.2975560333881893,1.1589599282430016,O
0.04149725690929215,-0.9029748462427575,0.09135975155432088,-1.858566198568779,C
-0.20466369684446734,1.1964077203111947,1.021212809878861,2.7363947065769962,H
-0.5836941325721744,0.17901446791733105,-1.9438593833696518,-0.16688374610366968,H
-0.7866085067579983,0.9203584667475928,0.4166785909294875,-0.06538391826478743,O
0.7840691191559216,-1.1525664239718347,-0.8450264612159264,0.02866355606461094,B
-0.4433419954240738,-0.023557317426246543,-2.3304372003321205,0.030794180212441884,D
0.9715712906323213,-0.6460042400561308,0.9771963600428314,0.6002982082734128,H
1.5929892480798509,-0.6797101402195448,0.29713666857105775,0.03612386262721181,K
-1.065393362464546,-0.18333730945454405,-0.2567548132581582,0.9370731968483395,J
0.7384256069067763,0.2607677528792587,-1.509695370725757,1.2120409320948071,I
0.37989291110921053,-1.111723736876993,0.4546309262844493,1.2305172650958773,C
0.5741920153468358,-1.991741206787832,0.782416844355415,-0.384844415434633,A
1.9042301127023713,0.6490808426964924,-0.3238247463059691,-1.4163222916290363,B
1.1667704763520326,-0.0463189390676988,1.8191223611647132,-0.5424431392903598,B
-1.223092936887001,-1.3124802188975853,-1.6489626122200247,-0.03179100277223018,J
1.5378590540866388,0.4809056963430558,-0.28661667466304513,0.21472323096292462,K
-0.38229439059484793,-0.3313534815030418,1.324089446837464,2.173345910797124,O
-0.7410665341739674,-0.5676772421421287,0.8236575021497748,0.11431683623522101,E
0.4067806685726385,-0.041683558694191686,0.3449236450848017,0.10381633238389933,I
0.35358085521177074,1.1733467932082222,-1.0180193180146682,-1.959691359287035,H
1.2853240776869865,0.5732445804096217,-1.6286899300882667,-1.2521855223784497,A
-0.15682553122988452,0.42645214580671087,0.4909238328000583,0.6536403573242433,N
-0.028182429625636177,-0.22126547431584656,-2.1389595717377263,-1.223954998943376,B
-1.0375550145864105,0.4047667652829553,-1.394454116380596,0.555494119497362,H
0.0863486961470662,-1.2521063232467415,1.1459243784496067,0.13841361827850324,H
0.2898798631823068,0.7782773897516423,-1.2349349447496802,-0.39086284569948926,M
0.6497869107207057,0.10151640443034074,0.2519120298000738,1.4636065717068758,H
0.00869919617941146,-2.1622996164826893,0.4164660635748183,-0.6088775127290443,E
-0.08064634188874657,-0.6615826293931779,-0.7337915873873422,0.1477940120450993,K
1.0302864975982533,1.8881411553398255,2.3235109907907967,-0.7243476716644325,J
1.1339637504248836,1.103285803308461,-0.03474479689177992,0.8887071929430251,M
-0.24813400425480103,-0.26099630199439444,-0.0816156200237628,0.13995521483149204,J
-0.7012907632643476,0.5196475566678794,0.13889168121622203,0.5835266972227141,M
-1.3167200271005106,1.603458600023503,0.6482594357387822,-1.4283475825829655,H
0.17003355086399624,-1.0939396560141625,-3.091772081075407,-0.0460413338379363,C
0.734811446420271,0.9762176755339885,-0.7862166536017503,-0.16623521620129653,B
-1.525941490141477,0.5280072813234735,0.4711979389556657,0.600575852068667,G
0.23756203835354037,0.4828590625857466,-0.8352764353985511,-0.3394609726377414,E
-0.18026705394310674,-1.8506920254986274,1.2166938454592473,0.43353584670458545,C
0.5287920649917369,-0.42730972168376496,0.7722771786178875,0.23197214561201876,F
